Model,Accuracy,Precision (Churn),Recall (Churn),F1-Score (Churn),ROC-AUC
LogisticRegression,0.7381121362668559,0.5041876046901173,0.8048128342245989,0.619979402677652,0.8401017851145729
RandomForestClassifier,0.7679205110007097,0.5501066098081023,0.6898395721925134,0.6120996441281139,0.836265467979023
randomforest,0.7714691270404542,0.5687830687830688,0.5748663101604278,0.5718085106382979,0.8205417344803535
SVC,0.7494677075940384,0.5212981744421906,0.6871657754010695,0.5928489042675894,0.7993192797540624
svm,0.7508871540099361,0.5234215885947047,0.6871657754010695,0.5942196531791908,0.7969516133198997
XGBClassifier,0.7317246273953159,0.49667774086378735,0.7994652406417112,0.6127049180327869,0.8380686662016585
xgboost,0.7771469127040455,0.5728155339805825,0.6310160427807486,0.6005089058524173,0.8341005967604433
