{
    "SeniorCitizen":{
        "count":7043.0,
        "mean":0.1621468124,
        "std":0.3686116056,
        "min":0.0,
        "25%":0.0,
        "50%":0.0,
        "75%":0.0,
        "max":1.0
    },
    "tenure":{
        "count":7043.0,
        "mean":32.3711486582,
        "std":24.5594810231,
        "min":0.0,
        "25%":9.0,
        "50%":29.0,
        "75%":55.0,
        "max":72.0
    },
    "MonthlyCharges":{
        "count":7043.0,
        "mean":64.7616924606,
        "std":30.0900470977,
        "min":18.25,
        "25%":35.5,
        "50%":70.35,
        "75%":89.85,
        "max":118.75
    }
}